{"cameraMode":{"drawMode":0,"name":"Shaded","section":"Shading Mode"},"sceneLighting":false,"audioPlay":false,"sceneViewState":{"showFog":true,"showMaterialUpdate":true,"showSkybox":true,"showFlares":true,"showImageEffects":true,"showParticleSystems":true},"in2DMode":false,"pivot":{"x":-0.0017946036532521248,"y":0.0017938613891601563,"z":0.249487966299057},"rotation":{"x":-0.7045602798461914,"y":0.0025529102422297,"z":-0.002534529659897089,"w":-0.7096349596977234},"size":7.5895185470581059,"orthographic":false}